session_th,query_th,document_th,label
1,1,1,1
1,1,2,1
1,1,3,1
1,1,4,1
1,1,5,1
1,1,6,2
1,1,7,0
1,1,8,0
1,1,9,0
1,1,10,0
1,2,1,0
1,2,2,1
1,2,3,0
1,2,4,2
1,2,5,2
1,2,6,0
1,2,7,0
1,2,8,1
1,2,9,2
1,2,10,1
1,3,1,2
1,3,2,2
1,3,3,0
1,3,4,0
1,3,5,1
1,3,6,2
1,3,7,0
1,3,8,0
1,3,9,1
1,3,10,0
2,1,1,2
2,1,2,1
2,1,3,0
2,1,4,0
2,1,5,0
2,1,6,0
2,1,7,0
2,1,8,0
2,1,9,0
2,1,10,0
2,2,1,2
2,2,2,0
2,2,3,0
2,2,4,0
2,2,5,0
2,2,6,0
2,2,7,0
2,2,8,0
2,2,9,0
2,2,10,0
2,3,1,0
2,3,2,2
2,3,3,1
2,3,4,0
2,3,5,0
2,3,6,0
2,3,7,0
2,3,8,0
2,3,9,0
2,3,10,0
2,4,1,2
2,4,2,0
2,4,3,0
2,4,4,0
2,4,5,0
2,4,6,0
2,4,7,2
2,4,8,2
2,4,9,0
2,4,10,0
2,5,1,2
2,5,2,2
2,5,3,2
2,5,4,0
2,5,5,2
2,5,6,0
2,5,7,1
2,5,8,2
2,5,9,2
2,5,10,0
3,1,1,0
3,1,2,0
3,1,3,2
3,1,4,1
3,1,5,0
3,1,6,0
3,1,7,0
3,1,8,0
3,1,9,0
3,1,10,0
3,2,1,0
3,2,2,0
3,2,3,0
3,2,4,2
3,2,5,1
3,2,6,0
3,2,7,0
3,2,8,0
3,2,9,1
3,2,10,0
4,1,1,1
4,1,2,1
4,1,3,0
4,1,4,0
4,1,5,1
4,1,6,1
4,1,7,0
4,1,8,0
4,1,9,0
4,1,10,0
4,2,1,0
4,2,2,0
4,2,3,0
4,2,4,0
4,2,5,1
4,2,6,0
4,2,7,0
4,2,8,1
4,2,9,0
4,2,10,0
5,1,1,1
5,1,2,0
5,1,3,0
5,1,4,0
5,1,5,0
5,1,6,1
5,1,7,0
5,1,8,0
5,1,9,0
5,1,10,0
5,2,1,1
5,2,2,0
5,2,3,0
5,2,4,0
5,2,5,0
5,2,6,0
5,2,7,0
5,2,8,0
5,2,9,0
5,2,10,0
6,1,1,1
6,1,2,1
6,1,3,0
6,1,4,0
6,1,5,0
6,1,6,0
6,1,7,0
6,1,8,0
6,1,9,0
6,1,10,0
6,2,1,1
6,2,2,1
6,2,3,1
6,2,4,0
6,2,5,0
6,2,6,0
6,2,7,0
6,2,8,0
6,2,9,0
6,2,10,0
7,1,1,1
7,1,2,1
7,1,3,0
7,1,4,1
7,1,5,0
7,1,6,0
7,1,7,0
7,1,8,0
7,1,9,0
7,1,10,0
7,2,1,2
7,2,2,0
7,2,3,1
7,2,4,0
7,2,5,0
7,2,6,0
7,2,7,0
7,2,8,0
7,2,9,0
7,2,10,0
8,1,1,1
8,1,2,0
8,1,3,0
8,1,4,0
8,1,5,1
8,1,6,0
8,1,7,0
8,1,8,0
8,1,9,0
8,1,10,0
8,2,1,0
8,2,2,1
8,2,3,0
8,2,4,0
8,2,5,0
8,2,6,0
8,2,7,0
8,2,8,1
8,2,9,0
8,2,10,1
9,1,1,0
9,1,2,0
9,1,3,0
9,1,4,2
9,1,5,0
9,1,6,0
9,1,7,0
9,1,8,0
9,1,9,0
9,1,10,0
9,2,1,0
9,2,2,2
9,2,3,0
9,2,4,0
9,2,5,0
9,2,6,0
9,2,7,0
9,2,8,0
9,2,9,0
9,2,10,0
10,1,1,2
10,1,2,2
10,1,3,2
10,1,4,2
10,1,5,2
10,1,6,0
10,1,7,0
10,1,8,0
10,1,9,0
10,1,10,0
10,2,1,1
10,2,2,0
10,2,3,2
10,2,4,2
10,2,5,0
10,2,6,0
10,2,7,0
10,2,8,0
10,2,9,0
10,2,10,0
11,1,1,2
11,1,2,0
11,1,3,0
11,1,4,0
11,1,5,0
11,1,6,0
11,1,7,0
11,1,8,0
11,1,9,2
11,1,10,1
11,2,1,1
11,2,2,1
11,2,3,0
11,2,4,2
11,2,5,2
11,2,6,0
11,2,7,0
11,2,8,0
11,2,9,0
11,2,10,0
11,3,1,0
11,3,2,0
11,3,3,0
11,3,4,0
11,3,5,2
11,3,6,0
11,3,7,0
11,3,8,0
11,3,9,0
11,3,10,0
12,1,1,1
12,1,2,2
12,1,3,2
12,1,4,0
12,1,5,2
12,1,6,2
12,1,7,2
12,1,8,0
12,1,9,0
12,1,10,0
12,2,1,0
12,2,2,0
12,2,3,0
12,2,4,0
12,2,5,0
12,2,6,0
12,2,7,0
12,2,8,0
12,2,9,0
12,2,10,0
12,3,1,0
12,3,2,0
12,3,3,2
12,3,4,0
12,3,5,0
12,3,6,0
12,3,7,0
12,3,8,0
12,3,9,0
12,3,10,0
12,4,1,0
12,4,2,2
12,4,3,2
12,4,4,2
12,4,5,0
12,4,6,0
12,4,7,0
12,4,8,2
12,4,9,0
12,4,10,0
12,5,1,2
12,5,2,0
12,5,3,1
12,5,4,0
12,5,5,0
12,5,6,2
12,5,7,0
12,5,8,0
12,5,9,0
12,5,10,0
13,1,1,1
13,1,2,1
13,1,3,2
13,1,4,1
13,1,5,0
13,1,6,0
13,1,7,0
13,1,8,1
13,1,9,0
13,1,10,0
13,2,1,2
13,2,2,0
13,2,3,0
13,2,4,0
13,2,5,2
13,2,6,0
13,2,7,2
13,2,8,0
13,2,9,0
13,2,10,0
14,1,1,0
14,1,2,0
14,1,3,0
14,1,4,0
14,1,5,0
14,1,6,0
14,1,7,0
14,1,8,0
14,1,9,0
14,1,10,0
14,2,1,0
14,2,2,2
14,2,3,0
14,2,4,0
14,2,5,0
14,2,6,0
14,2,7,0
14,2,8,0
14,2,9,0
14,2,10,0
14,3,1,1
14,3,2,2
14,3,3,2
14,3,4,2
14,3,5,0
14,3,6,0
14,3,7,0
14,3,8,0
14,3,9,0
14,3,10,0
15,1,1,1
15,1,2,2
15,1,3,2
15,1,4,0
15,1,5,0
15,1,6,0
15,1,7,0
15,1,8,0
15,1,9,0
15,1,10,0
15,2,1,2
15,2,2,0
15,2,3,0
15,2,4,0
15,2,5,0
15,2,6,0
15,2,7,0
15,2,8,0
15,2,9,0
15,2,10,0
16,1,1,0
16,1,2,1
16,1,3,2
16,1,4,0
16,1,5,0
16,1,6,0
16,1,7,0
16,1,8,0
16,1,9,0
16,1,10,0
16,2,1,0
16,2,2,1
16,2,3,0
16,2,4,2
16,2,5,0
16,2,6,0
16,2,7,0
16,2,8,0
16,2,9,0
16,2,10,0
16,3,1,2
16,3,2,2
16,3,3,2
16,3,4,0
16,3,5,0
16,3,6,2
16,3,7,0
16,3,8,0
16,3,9,0
16,3,10,0
17,1,1,0
17,1,2,0
17,1,3,0
17,1,4,0
17,1,5,1
17,1,6,0
17,1,7,0
17,1,8,0
17,1,9,0
17,1,10,0
17,2,1,2
17,2,2,0
17,2,3,0
17,2,4,2
17,2,5,1
17,2,6,2
17,2,7,0
17,2,8,0
17,2,9,0
17,2,10,0
17,3,1,2
17,3,2,2
17,3,3,0
17,3,4,2
17,3,5,0
17,3,6,0
17,3,7,2
17,3,8,0
17,3,9,0
17,3,10,0
18,1,1,2
18,1,2,2
18,1,3,1
18,1,4,2
18,1,5,1
18,1,6,1
18,1,7,1
18,1,8,1
18,1,9,1
18,1,10,1
18,2,1,2
18,2,2,2
18,2,3,0
18,2,4,1
18,2,5,2
18,2,6,1
18,2,7,1
18,2,8,1
18,2,9,0
18,2,10,0
18,3,1,2
18,3,2,0
18,3,3,0
18,3,4,1
18,3,5,2
18,3,6,1
18,3,7,1
18,3,8,0
18,3,9,0
18,3,10,0
18,4,1,1
18,4,2,2
18,4,3,1
18,4,4,2
18,4,5,1
18,4,6,1
18,4,7,2
18,4,8,2
18,4,9,2
18,4,10,2
18,5,1,0
18,5,2,0
18,5,3,0
18,5,4,1
18,5,5,2
18,5,6,1
18,5,7,0
18,5,8,2
18,5,9,0
18,5,10,0
18,6,1,0
18,6,2,0
18,6,3,0
18,6,4,0
18,6,5,0
18,6,6,1
18,6,7,1
18,6,8,0
18,6,9,0
18,6,10,1
19,1,1,2
19,1,2,2
19,1,3,0
19,1,4,0
19,1,5,2
19,1,6,0
19,1,7,0
19,1,8,0
19,1,9,0
19,1,10,0
19,2,1,0
19,2,2,2
19,2,3,0
19,2,4,0
19,2,5,0
19,2,6,2
19,2,7,2
19,2,8,0
19,2,9,2
19,2,10,0
20,1,1,0
20,1,2,2
20,1,3,0
20,1,4,0
20,1,5,0
20,1,6,0
20,1,7,0
20,1,8,0
20,1,9,0
20,1,10,0
20,2,1,2
20,2,2,2
20,2,3,2
20,2,4,0
20,2,5,0
20,2,6,2
20,2,7,2
20,2,8,0
20,2,9,0
20,2,10,0
20,3,1,0
20,3,2,0
20,3,3,2
20,3,4,2
20,3,5,0
20,3,6,0
20,3,7,0
20,3,8,0
20,3,9,0
20,3,10,0
21,1,1,0
21,1,2,2
21,1,3,2
21,1,4,2
21,1,5,0
21,1,6,0
21,1,7,2
21,1,8,0
21,1,9,0
21,1,10,2
21,2,1,2
21,2,2,0
21,2,3,0
21,2,4,2
21,2,5,2
21,2,6,0
21,2,7,2
21,2,8,2
21,2,9,2
21,2,10,0
21,3,1,2
21,3,2,0
21,3,3,0
21,3,4,0
21,3,5,0
21,3,6,0
21,3,7,0
21,3,8,0
21,3,9,2
21,3,10,0
22,1,1,0
22,1,2,0
22,1,3,2
22,1,4,0
22,1,5,0
22,1,6,0
22,1,7,0
22,1,8,0
22,1,9,0
22,1,10,0
22,2,1,0
22,2,2,2
22,2,3,0
22,2,4,0
22,2,5,0
22,2,6,2
22,2,7,2
22,2,8,2
22,2,9,0
22,2,10,0
23,1,1,2
23,1,2,0
23,1,3,0
23,1,4,0
23,1,5,0
23,1,6,0
23,1,7,0
23,1,8,0
23,1,9,0
23,1,10,0
23,2,1,2
23,2,2,2
23,2,3,2
23,2,4,2
23,2,5,2
23,2,6,0
23,2,7,0
23,2,8,2
23,2,9,2
23,2,10,0
24,1,1,0
24,1,2,2
24,1,3,2
24,1,4,0
24,1,5,0
24,1,6,0
24,1,7,2
24,1,8,0
24,1,9,0
24,1,10,2
24,2,1,0
24,2,2,2
24,2,3,2
24,2,4,0
24,2,5,0
24,2,6,2
24,2,7,2
24,2,8,0
24,2,9,0
24,2,10,0
25,1,1,0
25,1,2,0
25,1,3,0
25,1,4,2
25,1,5,0
25,1,6,0
25,1,7,0
25,1,8,2
25,1,9,0
25,1,10,0
25,2,1,0
25,2,2,0
25,2,3,2
25,2,4,0
25,2,5,0
25,2,6,0
25,2,7,0
25,2,8,2
25,2,9,2
25,2,10,0
25,3,1,1
25,3,2,0
25,3,3,0
25,3,4,0
25,3,5,0
25,3,6,2
25,3,7,0
25,3,8,0
25,3,9,0
25,3,10,0
26,1,1,0
26,1,2,1
26,1,3,2
26,1,4,2
26,1,5,2
26,1,6,0
26,1,7,2
26,1,8,2
26,1,9,2
26,1,10,0
26,2,1,2
26,2,2,2
26,2,3,2
26,2,4,2
26,2,5,2
26,2,6,2
26,2,7,0
26,2,8,2
26,2,9,0
26,2,10,0
27,1,1,0
27,1,2,0
27,1,3,0
27,1,4,0
27,1,5,0
27,1,6,0
27,1,7,0
27,1,8,0
27,1,9,0
27,1,10,0
27,2,1,0
27,2,2,1
27,2,3,0
27,2,4,0
27,2,5,1
27,2,6,0
27,2,7,0
27,2,8,0
27,2,9,0
27,2,10,0
27,3,1,2
27,3,2,0
27,3,3,2
27,3,4,2
27,3,5,0
27,3,6,2
27,3,7,2
27,3,8,0
27,3,9,0
27,3,10,2
28,1,1,0
28,1,2,0
28,1,3,0
28,1,4,2
28,1,5,0
28,1,6,0
28,1,7,0
28,1,8,0
28,1,9,0
28,1,10,0
28,2,1,0
28,2,2,2
28,2,3,0
28,2,4,0
28,2,5,0
28,2,6,0
28,2,7,0
28,2,8,0
28,2,9,0
28,2,10,0
28,3,1,1
28,3,2,1
28,3,3,1
28,3,4,0
28,3,5,0
28,3,6,0
28,3,7,0
28,3,8,0
28,3,9,0
28,3,10,0
29,1,1,2
29,1,2,0
29,1,3,0
29,1,4,0
29,1,5,2
29,1,6,0
29,1,7,0
29,1,8,2
29,1,9,1
29,1,10,2
29,2,1,2
29,2,2,1
29,2,3,2
29,2,4,1
29,2,5,0
29,2,6,1
29,2,7,0
29,2,8,1
29,2,9,0
29,2,10,1
29,3,1,1
29,3,2,1
29,3,3,1
29,3,4,1
29,3,5,2
29,3,6,1
29,3,7,2
29,3,8,1
29,3,9,1
29,3,10,0
30,1,1,0
30,1,2,0
30,1,3,2
30,1,4,0
30,1,5,0
30,1,6,0
30,1,7,2
30,1,8,0
30,1,9,0
30,1,10,0
30,2,1,0
30,2,2,0
30,2,3,0
30,2,4,1
30,2,5,2
30,2,6,0
30,2,7,0
30,2,8,0
30,2,9,0
30,2,10,2
31,1,1,0
31,1,2,1
31,1,3,1
31,1,4,0
31,1,5,0
31,1,6,0
31,1,7,0
31,1,8,1
31,1,9,2
31,1,10,0
31,2,1,2
31,2,2,2
31,2,3,1
31,2,4,2
31,2,5,0
31,2,6,0
31,2,7,0
31,2,8,0
31,2,9,0
31,2,10,0
31,3,1,0
31,3,2,0
31,3,3,0
31,3,4,2
31,3,5,2
31,3,6,0
31,3,7,0
31,3,8,2
31,3,9,2
31,3,10,0
32,1,1,1
32,1,2,0
32,1,3,0
32,1,4,0
32,1,5,0
32,1,6,0
32,1,7,0
32,1,8,0
32,1,9,0
32,1,10,0
32,2,1,0
32,2,2,2
32,2,3,2
32,2,4,0
32,2,5,2
32,2,6,0
32,2,7,0
32,2,8,0
32,2,9,0
32,2,10,2
32,3,1,0
32,3,2,2
32,3,3,2
32,3,4,0
32,3,5,2
32,3,6,0
32,3,7,0
32,3,8,0
32,3,9,0
32,3,10,0
33,1,1,0
33,1,2,0
33,1,3,0
33,1,4,0
33,1,5,0
33,1,6,0
33,1,7,0
33,1,8,0
33,1,9,0
33,1,10,0
33,2,1,0
33,2,2,2
33,2,3,0
33,2,4,0
33,2,5,0
33,2,6,0
33,2,7,0
33,2,8,2
33,2,9,0
33,2,10,0
33,3,1,0
33,3,2,0
33,3,3,2
33,3,4,0
33,3,5,2
33,3,6,0
33,3,7,2
33,3,8,0
33,3,9,0
33,3,10,0
34,1,1,2
34,1,2,0
34,1,3,0
34,1,4,0
34,1,5,0
34,1,6,2
34,1,7,0
34,1,8,0
34,1,9,0
34,1,10,0
34,2,1,2
34,2,2,2
34,2,3,0
34,2,4,0
34,2,5,0
34,2,6,0
34,2,7,0
34,2,8,0
34,2,9,0
34,2,10,0
35,1,1,2
35,1,2,2
35,1,3,0
35,1,4,0
35,1,5,0
35,1,6,0
35,1,7,0
35,1,8,0
35,1,9,0
35,1,10,0
35,2,1,0
35,2,2,2
35,2,3,2
35,2,4,2
35,2,5,2
35,2,6,0
35,2,7,0
35,2,8,0
35,2,9,0
35,2,10,0
35,3,1,0
35,3,2,2
35,3,3,2
35,3,4,0
35,3,5,0
35,3,6,0
35,3,7,0
35,3,8,0
35,3,9,0
35,3,10,0
35,4,1,2
35,4,2,0
35,4,3,0
35,4,4,0
35,4,5,0
35,4,6,0
35,4,7,0
35,4,8,0
35,4,9,0
35,4,10,0
36,1,1,1
36,1,2,2
36,1,3,0
36,1,4,0
36,1,5,1
36,1,6,0
36,1,7,1
36,1,8,0
36,1,9,0
36,1,10,0
36,2,1,0
36,2,2,1
36,2,3,0
36,2,4,1
36,2,5,0
36,2,6,0
36,2,7,0
36,2,8,1
36,2,9,0
36,2,10,0
37,1,1,0
37,1,2,0
37,1,3,0
37,1,4,0
37,1,5,0
37,1,6,0
37,1,7,0
37,1,8,0
37,1,9,0
37,1,10,0
37,2,1,2
37,2,2,1
37,2,3,1
37,2,4,1
37,2,5,1
37,2,6,1
37,2,7,0
37,2,8,1
37,2,9,0
37,2,10,1
37,3,1,2
37,3,2,2
37,3,3,1
37,3,4,1
37,3,5,1
37,3,6,0
37,3,7,0
37,3,8,2
37,3,9,2
37,3,10,2
37,4,1,2
37,4,2,2
37,4,3,2
37,4,4,2
37,4,5,1
37,4,6,1
37,4,7,1
37,4,8,0
37,4,9,1
37,4,10,2
38,1,1,1
38,1,2,1
38,1,3,0
38,1,4,1
38,1,5,1
38,1,6,1
38,1,7,0
38,1,8,1
38,1,9,1
38,1,10,1
38,2,1,2
38,2,2,1
38,2,3,1
38,2,4,2
38,2,5,1
38,2,6,1
38,2,7,1
38,2,8,1
38,2,9,1
38,2,10,1
38,3,1,2
38,3,2,2
38,3,3,2
38,3,4,0
38,3,5,1
38,3,6,1
38,3,7,1
38,3,8,1
38,3,9,1
38,3,10,1
39,1,1,2
39,1,2,1
39,1,3,0
39,1,4,0
39,1,5,2
39,1,6,1
39,1,7,1
39,1,8,1
39,1,9,1
39,1,10,1
39,2,1,0
39,2,2,0
39,2,3,0
39,2,4,0
39,2,5,1
39,2,6,0
39,2,7,1
39,2,8,1
39,2,9,0
39,2,10,0
40,1,1,1
40,1,2,2
40,1,3,1
40,1,4,1
40,1,5,1
40,1,6,1
40,1,7,0
40,1,8,1
40,1,9,1
40,1,10,1
40,2,1,2
40,2,2,1
40,2,3,0
40,2,4,2
40,2,5,0
40,2,6,1
40,2,7,2
40,2,8,1
40,2,9,2
40,2,10,1
40,3,1,0
40,3,2,2
40,3,3,1
40,3,4,1
40,3,5,1
40,3,6,2
40,3,7,1
40,3,8,1
40,3,9,0
40,3,10,2
41,1,1,0
41,1,2,2
41,1,3,1
41,1,4,1
41,1,5,0
41,1,6,1
41,1,7,1
41,1,8,0
41,1,9,0
41,1,10,0
41,2,1,1
41,2,2,0
41,2,3,2
41,2,4,1
41,2,5,1
41,2,6,1
41,2,7,1
41,2,8,1
41,2,9,1
41,2,10,1
42,1,1,0
42,1,2,0
42,1,3,0
42,1,4,0
42,1,5,0
42,1,6,0
42,1,7,0
42,1,8,0
42,1,9,0
42,1,10,0
42,2,1,1
42,2,2,1
42,2,3,0
42,2,4,1
42,2,5,1
42,2,6,0
42,2,7,0
42,2,8,0
42,2,9,0
42,2,10,0
42,3,1,0
42,3,2,0
42,3,3,0
42,3,4,0
42,3,5,0
42,3,6,0
42,3,7,0
42,3,8,0
42,3,9,0
42,3,10,0
43,1,1,2
43,1,2,1
43,1,3,0
43,1,4,0
43,1,5,0
43,1,6,0
43,1,7,1
43,1,8,0
43,1,9,0
43,1,10,1
43,2,1,2
43,2,2,1
43,2,3,2
43,2,4,2
43,2,5,1
43,2,6,1
43,2,7,1
43,2,8,1
43,2,9,1
43,2,10,1
44,1,1,2
44,1,2,2
44,1,3,1
44,1,4,1
44,1,5,2
44,1,6,2
44,1,7,2
44,1,8,1
44,1,9,1
44,1,10,0
44,2,1,0
44,2,2,1
44,2,3,1
44,2,4,2
44,2,5,1
44,2,6,1
44,2,7,1
44,2,8,1
44,2,9,1
44,2,10,1
45,1,1,0
45,1,2,0
45,1,3,2
45,1,4,1
45,1,5,0
45,1,6,1
45,1,7,1
45,1,8,2
45,1,9,2
45,1,10,0
45,2,1,2
45,2,2,2
45,2,3,1
45,2,4,2
45,2,5,1
45,2,6,2
45,2,7,2
45,2,8,1
45,2,9,1
45,2,10,2
46,1,1,0
46,1,2,2
46,1,3,0
46,1,4,0
46,1,5,1
46,1,6,0
46,1,7,1
46,1,8,2
46,1,9,0
46,1,10,0
46,2,1,0
46,2,2,1
46,2,3,0
46,2,4,0
46,2,5,0
46,2,6,0
46,2,7,1
46,2,8,0
46,2,9,1
46,2,10,0
47,1,1,2
47,1,2,2
47,1,3,1
47,1,4,2
47,1,5,2
47,1,6,2
47,1,7,2
47,1,8,1
47,1,9,1
47,1,10,2
47,2,1,0
47,2,2,1
47,2,3,1
47,2,4,1
47,2,5,1
47,2,6,1
47,2,7,2
47,2,8,2
47,2,9,2
47,2,10,2
48,1,1,0
48,1,2,0
48,1,3,1
48,1,4,0
48,1,5,0
48,1,6,0
48,1,7,0
48,1,8,0
48,1,9,1
48,1,10,1
48,2,1,0
48,2,2,0
48,2,3,0
48,2,4,0
48,2,5,1
48,2,6,0
48,2,7,1
48,2,8,0
48,2,9,0
48,2,10,1
48,3,1,0
48,3,2,0
48,3,3,2
48,3,4,1
48,3,5,0
48,3,6,0
48,3,7,0
48,3,8,0
48,3,9,0
48,3,10,0
49,1,1,1
49,1,2,0
49,1,3,1
49,1,4,1
49,1,5,1
49,1,6,1
49,1,7,2
49,1,8,2
49,1,9,1
49,1,10,1
49,2,1,2
49,2,2,1
49,2,3,1
49,2,4,1
49,2,5,1
49,2,6,1
49,2,7,1
49,2,8,1
49,2,9,1
49,2,10,1
50,1,1,1
50,1,2,2
50,1,3,2
50,1,4,2
50,1,5,2
50,1,6,2
50,1,7,0
50,1,8,1
50,1,9,1
50,1,10,0
50,2,1,1
50,2,2,0
50,2,3,1
50,2,4,1
50,2,5,1
50,2,6,1
50,2,7,1
50,2,8,1
50,2,9,0
50,2,10,0
51,1,1,2
51,1,2,2
51,1,3,2
51,1,4,2
51,1,5,1
51,1,6,1
51,1,7,1
51,1,8,2
51,1,9,2
51,1,10,2
51,2,1,2
51,2,2,2
51,2,3,2
51,2,4,1
51,2,5,1
51,2,6,1
51,2,7,2
51,2,8,1
51,2,9,1
51,2,10,1
51,3,1,1
51,3,2,2
51,3,3,1
51,3,4,1
51,3,5,1
51,3,6,0
51,3,7,0
51,3,8,1
51,3,9,0
51,3,10,2
52,1,1,0
52,1,2,0
52,1,3,0
52,1,4,0
52,1,5,0
52,1,6,1
52,1,7,0
52,1,8,0
52,1,9,0
52,1,10,0
52,2,1,1
52,2,2,2
52,2,3,2
52,2,4,2
52,2,5,2
52,2,6,1
52,2,7,2
52,2,8,2
52,2,9,2
52,2,10,2
53,1,1,0
53,1,2,2
53,1,3,1
53,1,4,1
53,1,5,2
53,1,6,1
53,1,7,2
53,1,8,1
53,1,9,1
53,1,10,1
53,2,1,1
53,2,2,1
53,2,3,1
53,2,4,1
53,2,5,1
53,2,6,1
53,2,7,1
53,2,8,1
53,2,9,0
53,2,10,1
54,1,1,0
54,1,2,1
54,1,3,1
54,1,4,2
54,1,5,1
54,1,6,1
54,1,7,1
54,1,8,1
54,1,9,1
54,1,10,1
54,2,1,1
54,2,2,1
54,2,3,2
54,2,4,1
54,2,5,1
54,2,6,1
54,2,7,0
54,2,8,0
54,2,9,2
54,2,10,0
55,1,1,2
55,1,2,1
55,1,3,0
55,1,4,0
55,1,5,0
55,1,6,0
55,1,7,0
55,1,8,1
55,1,9,0
55,1,10,0
55,2,1,2
55,2,2,2
55,2,3,2
55,2,4,2
55,2,5,2
55,2,6,1
55,2,7,1
55,2,8,1
55,2,9,1
55,2,10,1
56,1,1,0
56,1,2,0
56,1,3,0
56,1,4,0
56,1,5,0
56,1,6,1
56,1,7,1
56,1,8,0
56,1,9,0
56,1,10,0
56,2,1,0
56,2,2,0
56,2,3,0
56,2,4,0
56,2,5,0
56,2,6,0
56,2,7,0
56,2,8,0
56,2,9,0
56,2,10,0
56,3,1,0
56,3,2,0
56,3,3,0
56,3,4,0
56,3,5,0
56,3,6,0
56,3,7,0
56,3,8,0
56,3,9,0
56,3,10,0
56,4,1,0
56,4,2,0
56,4,3,0
56,4,4,0
56,4,5,0
56,4,6,1
56,4,7,0
56,4,8,0
56,4,9,0
56,4,10,0
56,5,1,2
56,5,2,1
56,5,3,2
56,5,4,1
56,5,5,1
56,5,6,1
56,5,7,1
56,5,8,1
56,5,9,1
56,5,10,1
57,1,1,0
57,1,2,2
57,1,3,2
57,1,4,1
57,1,5,1
57,1,6,0
57,1,7,0
57,1,8,1
57,1,9,0
57,1,10,0
57,2,1,2
57,2,2,2
57,2,3,2
57,2,4,2
57,2,5,2
57,2,6,1
57,2,7,2
57,2,8,1
57,2,9,2
57,2,10,2
58,1,1,1
58,1,2,1
58,1,3,1
58,1,4,1
58,1,5,1
58,1,6,1
58,1,7,0
58,1,8,0
58,1,9,1
58,1,10,1
58,2,1,2
58,2,2,0
58,2,3,1
58,2,4,2
58,2,5,2
58,2,6,1
58,2,7,1
58,2,8,0
58,2,9,1
58,2,10,0
59,1,1,0
59,1,2,1
59,1,3,1
59,1,4,0
59,1,5,0
59,1,6,1
59,1,7,1
59,1,8,0
59,1,9,0
59,1,10,0
59,2,1,2
59,2,2,2
59,2,3,1
59,2,4,1
59,2,5,1
59,2,6,1
59,2,7,1
59,2,8,1
59,2,9,1
59,2,10,0
60,1,1,1
60,1,2,0
60,1,3,0
60,1,4,0
60,1,5,0
60,1,6,0
60,1,7,0
60,1,8,0
60,1,9,0
60,1,10,0
60,2,1,1
60,2,2,1
60,2,3,1
60,2,4,1
60,2,5,2
60,2,6,0
60,2,7,0
60,2,8,0
60,2,9,0
60,2,10,1
61,1,1,2
61,1,2,2
61,1,3,1
61,1,4,2
61,1,5,1
61,1,6,1
61,1,7,1
61,1,8,1
61,1,9,1
61,1,10,1
61,2,1,2
61,2,2,2
61,2,3,2
61,2,4,2
61,2,5,2
61,2,6,2
61,2,7,2
61,2,8,1
61,2,9,1
61,2,10,1
62,1,1,1
62,1,2,2
62,1,3,2
62,1,4,0
62,1,5,0
62,1,6,2
62,1,7,0
62,1,8,0
62,1,9,0
62,1,10,2
62,2,1,1
62,2,2,1
62,2,3,2
62,2,4,0
62,2,5,0
62,2,6,0
62,2,7,0
62,2,8,0
62,2,9,2
62,2,10,0
62,3,1,0
62,3,2,0
62,3,3,1
62,3,4,1
62,3,5,2
62,3,6,0
62,3,7,0
62,3,8,0
62,3,9,2
62,3,10,2
62,4,1,0
62,4,2,0
62,4,3,2
62,4,4,1
62,4,5,0
62,4,6,0
62,4,7,1
62,4,8,0
62,4,9,0
62,4,10,2
62,5,1,0
62,5,2,0
62,5,3,0
62,5,4,1
62,5,5,0
62,5,6,0
62,5,7,0
62,5,8,2
62,5,9,0
62,5,10,0
62,6,1,2
62,6,2,2
62,6,3,0
62,6,4,0
62,6,5,0
62,6,6,0
62,6,7,0
62,6,8,0
62,6,9,0
62,6,10,0
63,1,1,2
63,1,2,0
63,1,3,2
63,1,4,2
63,1,5,2
63,1,6,1
63,1,7,1
63,1,8,1
63,1,9,1
63,1,10,1
63,2,1,2
63,2,2,2
63,2,3,2
63,2,4,2
63,2,5,2
63,2,6,1
63,2,7,1
63,2,8,1
63,2,9,2
63,2,10,1
64,1,1,2
64,1,2,2
64,1,3,2
64,1,4,2
64,1,5,1
64,1,6,1
64,1,7,2
64,1,8,1
64,1,9,2
64,1,10,2
64,2,1,1
64,2,2,2
64,2,3,2
64,2,4,2
64,2,5,2
64,2,6,1
64,2,7,2
64,2,8,2
64,2,9,2
64,2,10,2
65,1,1,2
65,1,2,2
65,1,3,1
65,1,4,2
65,1,5,1
65,1,6,2
65,1,7,1
65,1,8,2
65,1,9,1
65,1,10,1
65,2,1,2
65,2,2,1
65,2,3,2
65,2,4,2
65,2,5,1
65,2,6,1
65,2,7,1
65,2,8,0
65,2,9,2
65,2,10,1
65,3,1,0
65,3,2,0
65,3,3,0
65,3,4,0
65,3,5,0
65,3,6,0
65,3,7,0
65,3,8,0
65,3,9,0
65,3,10,0
66,1,1,1
66,1,2,2
66,1,3,2
66,1,4,2
66,1,5,2
66,1,6,0
66,1,7,1
66,1,8,1
66,1,9,2
66,1,10,1
66,2,1,2
66,2,2,2
66,2,3,2
66,2,4,2
66,2,5,2
66,2,6,2
66,2,7,2
66,2,8,2
66,2,9,2
66,2,10,1
67,1,1,1
67,1,2,1
67,1,3,1
67,1,4,0
67,1,5,0
67,1,6,0
67,1,7,0
67,1,8,0
67,1,9,0
67,1,10,0
67,2,1,2
67,2,2,2
67,2,3,1
67,2,4,2
67,2,5,1
67,2,6,0
67,2,7,0
67,2,8,0
67,2,9,0
67,2,10,0
67,3,1,2
67,3,2,2
67,3,3,2
67,3,4,1
67,3,5,2
67,3,6,1
67,3,7,1
67,3,8,0
67,3,9,1
67,3,10,1
68,1,1,2
68,1,2,2
68,1,3,1
68,1,4,2
68,1,5,1
68,1,6,2
68,1,7,2
68,1,8,1
68,1,9,2
68,1,10,2
68,2,1,2
68,2,2,2
68,2,3,2
68,2,4,1
68,2,5,2
68,2,6,1
68,2,7,2
68,2,8,1
68,2,9,0
68,2,10,0
69,1,1,2
69,1,2,2
69,1,3,2
69,1,4,2
69,1,5,2
69,1,6,2
69,1,7,0
69,1,8,1
69,1,9,1
69,1,10,2
69,2,1,2
69,2,2,1
69,2,3,1
69,2,4,1
69,2,5,2
69,2,6,1
69,2,7,0
69,2,8,0
69,2,9,0
69,2,10,0
70,1,1,2
70,1,2,2
70,1,3,1
70,1,4,0
70,1,5,1
70,1,6,1
70,1,7,1
70,1,8,2
70,1,9,1
70,1,10,1
70,2,1,1
70,2,2,1
70,2,3,0
70,2,4,0
70,2,5,0
70,2,6,0
70,2,7,1
70,2,8,1
70,2,9,0
70,2,10,0
70,3,1,1
70,3,2,0
70,3,3,1
70,3,4,1
70,3,5,2
70,3,6,1
70,3,7,1
70,3,8,1
70,3,9,1
70,3,10,1
70,4,1,1
70,4,2,1
70,4,3,1
70,4,4,1
70,4,5,1
70,4,6,1
70,4,7,1
70,4,8,1
70,4,9,1
70,4,10,1
71,1,1,1
71,1,2,0
71,1,3,0
71,1,4,0
71,1,5,0
71,1,6,0
71,1,7,0
71,1,8,0
71,1,9,0
71,1,10,0
71,2,1,2
71,2,2,1
71,2,3,1
71,2,4,0
71,2,5,1
71,2,6,1
71,2,7,1
71,2,8,1
71,2,9,2
71,2,10,1
72,1,1,1
72,1,2,2
72,1,3,0
72,1,4,0
72,1,5,0
72,1,6,0
72,1,7,0
72,1,8,0
72,1,9,0
72,1,10,0
72,2,1,1
72,2,2,1
72,2,3,2
72,2,4,1
72,2,5,1
72,2,6,1
72,2,7,1
72,2,8,1
72,2,9,1
72,2,10,1
73,1,1,2
73,1,2,2
73,1,3,0
73,1,4,0
73,1,5,2
73,1,6,0
73,1,7,0
73,1,8,2
73,1,9,0
73,1,10,0
73,2,1,2
73,2,2,0
73,2,3,2
73,2,4,0
73,2,5,0
73,2,6,0
73,2,7,0
73,2,8,2
73,2,9,0
73,2,10,0
73,3,1,0
73,3,2,2
73,3,3,0
73,3,4,0
73,3,5,0
73,3,6,0
73,3,7,0
73,3,8,0
73,3,9,0
73,3,10,0
74,1,1,2
74,1,2,1
74,1,3,0
74,1,4,0
74,1,5,0
74,1,6,0
74,1,7,0
74,1,8,0
74,1,9,0
74,1,10,0
74,2,1,2
74,2,2,1
74,2,3,1
74,2,4,1
74,2,5,1
74,2,6,2
74,2,7,1
74,2,8,1
74,2,9,1
74,2,10,1
74,3,1,1
74,3,2,2
74,3,3,2
74,3,4,1
74,3,5,1
74,3,6,1
74,3,7,1
74,3,8,1
74,3,9,1
74,3,10,1
75,1,1,0
75,1,2,2
75,1,3,0
75,1,4,0
75,1,5,0
75,1,6,0
75,1,7,0
75,1,8,0
75,1,9,0
75,1,10,0
75,2,1,0
75,2,2,0
75,2,3,2
75,2,4,0
75,2,5,0
75,2,6,1
75,2,7,0
75,2,8,1
75,2,9,0
75,2,10,0
76,1,1,2
76,1,2,0
76,1,3,1
76,1,4,1
76,1,5,0
76,1,6,1
76,1,7,1
76,1,8,1
76,1,9,0
76,1,10,0
76,2,1,0
76,2,2,2
76,2,3,1
76,2,4,0
76,2,5,0
76,2,6,0
76,2,7,0
76,2,8,0
76,2,9,0
76,2,10,1
77,1,1,0
77,1,2,0
77,1,3,0
77,1,4,1
77,1,5,0
77,1,6,0
77,1,7,0
77,1,8,0
77,1,9,0
77,1,10,1
77,2,1,0
77,2,2,1
77,2,3,1
77,2,4,0
77,2,5,0
77,2,6,1
77,2,7,0
77,2,8,0
77,2,9,0
77,2,10,0
78,1,1,2
78,1,2,0
78,1,3,0
78,1,4,0
78,1,5,1
78,1,6,0
78,1,7,0
78,1,8,0
78,1,9,0
78,1,10,0
78,2,1,0
78,2,2,1
78,2,3,0
78,2,4,1
78,2,5,2
78,2,6,0
78,2,7,0
78,2,8,1
78,2,9,1
78,2,10,0
79,1,1,0
79,1,2,0
79,1,3,0
79,1,4,0
79,1,5,0
79,1,6,0
79,1,7,0
79,1,8,0
79,1,9,1
79,1,10,0
79,2,1,1
79,2,2,0
79,2,3,1
79,2,4,0
79,2,5,1
79,2,6,1
79,2,7,1
79,2,8,2
79,2,9,0
79,2,10,2
80,1,1,0
80,1,2,1
80,1,3,1
80,1,4,0
80,1,5,0
80,1,6,0
80,1,7,0
80,1,8,0
80,1,9,0
80,1,10,0
80,2,1,0
80,2,2,0
80,2,3,2
80,2,4,0
80,2,5,0
80,2,6,0
80,2,7,0
80,2,8,0
80,2,9,0
80,2,10,0
80,3,1,0
80,3,2,0
80,3,3,1
80,3,4,1
80,3,5,1
80,3,6,1
80,3,7,1
80,3,8,0
80,3,9,0
80,3,10,1
81,1,1,0
81,1,2,1
81,1,3,0
81,1,4,0
81,1,5,1
81,1,6,1
81,1,7,0
81,1,8,0
81,1,9,0
81,1,10,0
81,2,1,2
81,2,2,0
81,2,3,0
81,2,4,1
81,2,5,1
81,2,6,1
81,2,7,1
81,2,8,0
81,2,9,0
81,2,10,0
81,3,1,0
81,3,2,0
81,3,3,0
81,3,4,0
81,3,5,0
81,3,6,1
81,3,7,0
81,3,8,0
81,3,9,2
81,3,10,1
81,4,1,2
81,4,2,0
81,4,3,2
81,4,4,0
81,4,5,0
81,4,6,1
81,4,7,1
81,4,8,1
81,4,9,1
81,4,10,0
81,5,1,1
81,5,2,1
81,5,3,1
81,5,4,0
81,5,5,0
81,5,6,1
81,5,7,0
81,5,8,0
81,5,9,1
81,5,10,0
82,1,1,0
82,1,2,1
82,1,3,1
82,1,4,1
82,1,5,1
82,1,6,1
82,1,7,1
82,1,8,0
82,1,9,1
82,1,10,1
82,2,1,1
82,2,2,0
82,2,3,1
82,2,4,0
82,2,5,2
82,2,6,2
82,2,7,1
82,2,8,0
82,2,9,1
82,2,10,1
82,3,1,1
82,3,2,1
82,3,3,1
82,3,4,0
82,3,5,0
82,3,6,1
82,3,7,1
82,3,8,0
82,3,9,0
82,3,10,0
82,4,1,0
82,4,2,0
82,4,3,0
82,4,4,2
82,4,5,0
82,4,6,0
82,4,7,0
82,4,8,0
82,4,9,0
82,4,10,0
83,1,1,2
83,1,2,1
83,1,3,0
83,1,4,0
83,1,5,2
83,1,6,0
83,1,7,0
83,1,8,0
83,1,9,2
83,1,10,2
83,2,1,0
83,2,2,1
83,2,3,0
83,2,4,0
83,2,5,1
83,2,6,0
83,2,7,1
83,2,8,0
83,2,9,1
83,2,10,2
83,3,1,2
83,3,2,0
83,3,3,2
83,3,4,0
83,3,5,0
83,3,6,0
83,3,7,0
83,3,8,0
83,3,9,0
83,3,10,0
84,1,1,1
84,1,2,0
84,1,3,0
84,1,4,0
84,1,5,1
84,1,6,0
84,1,7,0
84,1,8,0
84,1,9,0
84,1,10,0
84,2,1,0
84,2,2,0
84,2,3,0
84,2,4,0
84,2,5,1
84,2,6,0
84,2,7,0
84,2,8,0
84,2,9,0
84,2,10,0
84,3,1,1
84,3,2,1
84,3,3,0
84,3,4,2
84,3,5,1
84,3,6,0
84,3,7,1
84,3,8,0
84,3,9,2
84,3,10,0
84,4,1,0
84,4,2,0
84,4,3,0
84,4,4,0
84,4,5,0
84,4,6,1
84,4,7,0
84,4,8,1
84,4,9,2
84,4,10,1
84,5,1,0
84,5,2,0
84,5,3,0
84,5,4,0
84,5,5,0
84,5,6,0
84,5,7,0
84,5,8,0
84,5,9,0
84,5,10,0
84,6,1,0
84,6,2,1
84,6,3,0
84,6,4,1
84,6,5,0
84,6,6,1
84,6,7,0
84,6,8,1
84,6,9,0
84,6,10,0
85,1,1,0
85,1,2,0
85,1,3,0
85,1,4,0
85,1,5,1
85,1,6,0
85,1,7,0
85,1,8,0
85,1,9,1
85,1,10,0
85,2,1,1
85,2,2,1
85,2,3,1
85,2,4,0
85,2,5,0
85,2,6,0
85,2,7,0
85,2,8,1
85,2,9,1
85,2,10,1
85,3,1,1
85,3,2,0
85,3,3,0
85,3,4,0
85,3,5,0
85,3,6,1
85,3,7,0
85,3,8,1
85,3,9,1
85,3,10,0
85,4,1,1
85,4,2,0
85,4,3,0
85,4,4,0
85,4,5,0
85,4,6,0
85,4,7,0
85,4,8,0
85,4,9,1
85,4,10,0
86,1,1,1
86,1,2,0
86,1,3,0
86,1,4,0
86,1,5,1
86,1,6,0
86,1,7,0
86,1,8,0
86,1,9,1
86,1,10,0
86,2,1,1
86,2,2,0
86,2,3,1
86,2,4,1
86,2,5,1
86,2,6,0
86,2,7,0
86,2,8,0
86,2,9,0
86,2,10,1
86,3,1,2
86,3,2,0
86,3,3,1
86,3,4,0
86,3,5,0
86,3,6,0
86,3,7,0
86,3,8,0
86,3,9,0
86,3,10,0
87,1,1,2
87,1,2,0
87,1,3,0
87,1,4,1
87,1,5,1
87,1,6,1
87,1,7,1
87,1,8,0
87,1,9,0
87,1,10,0
87,2,1,1
87,2,2,0
87,2,3,0
87,2,4,0
87,2,5,0
87,2,6,1
87,2,7,1
87,2,8,1
87,2,9,0
87,2,10,1
87,3,1,1
87,3,2,0
87,3,3,1
87,3,4,0
87,3,5,0
87,3,6,0
87,3,7,0
87,3,8,0
87,3,9,0
87,3,10,0
88,1,1,0
88,1,2,1
88,1,3,0
88,1,4,1
88,1,5,0
88,1,6,1
88,1,7,1
88,1,8,0
88,1,9,0
88,1,10,0
88,2,1,0
88,2,2,1
88,2,3,1
88,2,4,0
88,2,5,1
88,2,6,0
88,2,7,0
88,2,8,0
88,2,9,0
88,2,10,0
88,3,1,1
88,3,2,0
88,3,3,0
88,3,4,1
88,3,5,0
88,3,6,1
88,3,7,2
88,3,8,0
88,3,9,0
88,3,10,1
88,4,1,1
88,4,2,1
88,4,3,1
88,4,4,1
88,4,5,1
88,4,6,1
88,4,7,1
88,4,8,0
88,4,9,1
88,4,10,0
89,1,1,1
89,1,2,0
89,1,3,0
89,1,4,0
89,1,5,0
89,1,6,1
89,1,7,1
89,1,8,0
89,1,9,0
89,1,10,0
89,2,1,1
89,2,2,0
89,2,3,0
89,2,4,0
89,2,5,2
89,2,6,0
89,2,7,0
89,2,8,0
89,2,9,0
89,2,10,1
90,1,1,2
90,1,2,1
90,1,3,0
90,1,4,0
90,1,5,1
90,1,6,0
90,1,7,0
90,1,8,1
90,1,9,0
90,1,10,0
90,2,1,0
90,2,2,0
90,2,3,0
90,2,4,0
90,2,5,0
90,2,6,0
90,2,7,1
90,2,8,1
90,2,9,0
90,2,10,1
90,3,1,0
90,3,2,1
90,3,3,0
90,3,4,0
90,3,5,0
90,3,6,0
90,3,7,1
90,3,8,0
90,3,9,0
90,3,10,0
90,4,1,1
90,4,2,1
90,4,3,2
90,4,4,0
90,4,5,0
90,4,6,0
90,4,7,0
90,4,8,0
90,4,9,1
90,4,10,0
91,1,1,1
91,1,2,0
91,1,3,0
91,1,4,0
91,1,5,0
91,1,6,1
91,1,7,0
91,1,8,1
91,1,9,0
91,1,10,1
91,2,1,2
91,2,2,1
91,2,3,0
91,2,4,0
91,2,5,0
91,2,6,0
91,2,7,0
91,2,8,1
91,2,9,0
91,2,10,0
92,1,1,0
92,1,2,0
92,1,3,2
92,1,4,1
92,1,5,1
92,1,6,1
92,1,7,0
92,1,8,2
92,1,9,2
92,1,10,2
92,2,1,0
92,2,2,0
92,2,3,2
92,2,4,0
92,2,5,0
92,2,6,0
92,2,7,2
92,2,8,0
92,2,9,2
92,2,10,1
92,3,1,1
92,3,2,0
92,3,3,2
92,3,4,0
92,3,5,0
92,3,6,1
92,3,7,1
92,3,8,1
92,3,9,0
92,3,10,0
92,4,1,0
92,4,2,0
92,4,3,0
92,4,4,2
92,4,5,1
92,4,6,0
92,4,7,2
92,4,8,1
92,4,9,0
92,4,10,1
92,5,1,0
92,5,2,0
92,5,3,0
92,5,4,0
92,5,5,1
92,5,6,0
92,5,7,1
92,5,8,2
92,5,9,1
92,5,10,1
92,6,1,1
92,6,2,0
92,6,3,1
92,6,4,0
92,6,5,0
92,6,6,1
92,6,7,0
92,6,8,0
92,6,9,0
92,6,10,0
92,7,1,0
92,7,2,1
92,7,3,0
92,7,4,2
92,7,5,1
92,7,6,0
92,7,7,1
92,7,8,0
92,7,9,0
92,7,10,0
93,1,1,0
93,1,2,1
93,1,3,1
93,1,4,0
93,1,5,0
93,1,6,1
93,1,7,0
93,1,8,0
93,1,9,1
93,1,10,0
93,2,1,1
93,2,2,2
93,2,3,0
93,2,4,0
93,2,5,0
93,2,6,1
93,2,7,0
93,2,8,0
93,2,9,0
93,2,10,1
93,3,1,0
93,3,2,0
93,3,3,0
93,3,4,0
93,3,5,0
93,3,6,0
93,3,7,0
93,3,8,0
93,3,9,0
93,3,10,0
94,1,1,0
94,1,2,1
94,1,3,2
94,1,4,0
94,1,5,2
94,1,6,2
94,1,7,0
94,1,8,2
94,1,9,2
94,1,10,2
94,2,1,2
94,2,2,2
94,2,3,0
94,2,4,0
94,2,5,0
94,2,6,0
94,2,7,2
94,2,8,0
94,2,9,0
94,2,10,0
94,3,1,1
94,3,2,2
94,3,3,0
94,3,4,0
94,3,5,2
94,3,6,2
94,3,7,0
94,3,8,2
94,3,9,0
94,3,10,0
95,1,1,1
95,1,2,0
95,1,3,0
95,1,4,1
95,1,5,0
95,1,6,1
95,1,7,1
95,1,8,1
95,1,9,1
95,1,10,1
95,2,1,2
95,2,2,1
95,2,3,1
95,2,4,2
95,2,5,1
95,2,6,1
95,2,7,1
95,2,8,1
95,2,9,1
95,2,10,0
96,1,1,1
96,1,2,0
96,1,3,1
96,1,4,0
96,1,5,1
96,1,6,0
96,1,7,0
96,1,8,1
96,1,9,1
96,1,10,0
96,2,1,1
96,2,2,0
96,2,3,0
96,2,4,0
96,2,5,1
96,2,6,0
96,2,7,0
96,2,8,0
96,2,9,1
96,2,10,0
96,3,1,0
96,3,2,0
96,3,3,0
96,3,4,0
96,3,5,0
96,3,6,0
96,3,7,0
96,3,8,0
96,3,9,0
96,3,10,0
97,1,1,1
97,1,2,0
97,1,3,0
97,1,4,0
97,1,5,1
97,1,6,0
97,1,7,1
97,1,8,0
97,1,9,0
97,1,10,1
97,2,1,1
97,2,2,1
97,2,3,1
97,2,4,0
97,2,5,1
97,2,6,1
97,2,7,0
97,2,8,2
97,2,9,1
97,2,10,0
98,1,1,0
98,1,2,0
98,1,3,0
98,1,4,0
98,1,5,0
98,1,6,0
98,1,7,0
98,1,8,0
98,1,9,0
98,1,10,0
98,2,1,1
98,2,2,0
98,2,3,0
98,2,4,0
98,2,5,1
98,2,6,0
98,2,7,1
98,2,8,0
98,2,9,1
98,2,10,1
98,3,1,0
98,3,2,0
98,3,3,1
98,3,4,1
98,3,5,1
98,3,6,0
98,3,7,0
98,3,8,1
98,3,9,1
98,3,10,0
99,1,1,1
99,1,2,0
99,1,3,0
99,1,4,0
99,1,5,0
99,1,6,0
99,1,7,0
99,1,8,0
99,1,9,0
99,1,10,0
99,2,1,1
99,2,2,0
99,2,3,0
99,2,4,0
99,2,5,0
99,2,6,0
99,2,7,0
99,2,8,0
99,2,9,0
99,2,10,0
100,1,1,1
100,1,2,0
100,1,3,0
100,1,4,0
100,1,5,0
100,1,6,0
100,1,7,0
100,1,8,0
100,1,9,0
100,1,10,0
100,2,1,1
100,2,2,0
100,2,3,0
100,2,4,1
100,2,5,0
100,2,6,0
100,2,7,0
100,2,8,0
100,2,9,0
100,2,10,0
101,1,1,0
101,1,2,0
101,1,3,0
101,1,4,0
101,1,5,0
101,1,6,0
101,1,7,0
101,1,8,0
101,1,9,0
101,1,10,0
101,2,1,1
101,2,2,0
101,2,3,0
101,2,4,0
101,2,5,0
101,2,6,0
101,2,7,0
101,2,8,0
101,2,9,0
101,2,10,0
102,1,1,1
102,1,2,0
102,1,3,1
102,1,4,0
102,1,5,1
102,1,6,1
102,1,7,1
102,1,8,0
102,1,9,0
102,1,10,0
102,2,1,1
102,2,2,0
102,2,3,0
102,2,4,1
102,2,5,0
102,2,6,0
102,2,7,0
102,2,8,0
102,2,9,0
102,2,10,0
103,1,1,1
103,1,2,0
103,1,3,1
103,1,4,0
103,1,5,1
103,1,6,1
103,1,7,0
103,1,8,0
103,1,9,0
103,1,10,0
103,2,1,0
103,2,2,2
103,2,3,1
103,2,4,0
103,2,5,1
103,2,6,0
103,2,7,0
103,2,8,0
103,2,9,0
103,2,10,0
